{
  "mode": "improved_with_tuning",
  "tuning_backend": "optuna",
  "selection_metric": "eval_f1",
  "n_trials": 20,
  "best_trial": {
    "number": 10,
    "value": 0.9323,
    "hyperparameters": {
      "learning_rate": 4.577434034785655e-05,
      "batch_size": 8,
      "num_epochs": 5,
      "max_length": 64,
      "warmup_ratio": 0.05269428134222301,
      "weight_decay": 0.0384261025824299,
      "llrd_decay_factor": 0.9361497192923777,
      "grad_accum": 2,
      "label_smoothing": 0.051090253003335556,
      "contrastive_weight": 0.19553388298731342,
      "contrastive_temperature": 0.14923626654603367,
      "n_topic_clusters": 6
    },
    "validation_metrics": {
      "eval_loss": 0.30761539936065674,
      "eval_accuracy": 0.9358,
      "eval_precision": 0.9341,
      "eval_recall": 0.9306,
      "eval_f1": 0.9323,
      "eval_runtime": 0.6683,
      "eval_samples_per_second": 4266.073,
      "eval_steps_per_second": 67.335,
      "epoch": 3.0
    }
  },
  "trials": [
    {
      "number": 0,
      "state": "TrialState.COMPLETE",
      "value": 0.9182,
      "hyperparameters": {
        "learning_rate": 1.827226177606625e-05,
        "batch_size": 8,
        "num_epochs": 3,
        "max_length": 64,
        "warmup_ratio": 0.1799264218662403,
        "weight_decay": 0.019956529392808398,
        "llrd_decay_factor": 0.9062108866694067,
        "grad_accum": 2,
        "label_smoothing": 0.07123391106782762,
        "contrastive_weight": 0.0772737450810651,
        "contrastive_temperature": 0.06834045098534339,
        "n_topic_clusters": 8
      },
      "validation_metrics": {
        "eval_loss": 0.33931705355644226,
        "eval_accuracy": 0.9211,
        "eval_precision": 0.9047,
        "eval_recall": 0.9321,
        "eval_f1": 0.9182,
        "eval_runtime": 0.6613,
        "eval_samples_per_second": 4311.347,
        "eval_steps_per_second": 68.05,
        "epoch": 2.0
      }
    },
    {
      "number": 1,
      "state": "TrialState.COMPLETE",
      "value": 0.9238,
      "hyperparameters": {
        "learning_rate": 1.5979398717410346e-05,
        "batch_size": 8,
        "num_epochs": 5,
        "max_length": 64,
        "warmup_ratio": 0.07995106732375397,
        "weight_decay": 0.016338208828908806,
        "llrd_decay_factor": 0.8888621853293064,
        "grad_accum": 2,
        "label_smoothing": 0.05650515929852795,
        "contrastive_weight": 0.192332830588,
        "contrastive_temperature": 0.14656320330745592,
        "n_topic_clusters": 6
      },
      "validation_metrics": {
        "eval_loss": 0.326454758644104,
        "eval_accuracy": 0.9284,
        "eval_precision": 0.935,
        "eval_recall": 0.9129,
        "eval_f1": 0.9238,
        "eval_runtime": 0.7243,
        "eval_samples_per_second": 3936.338,
        "eval_steps_per_second": 62.131,
        "epoch": 3.0
      }
    },
    {
      "number": 2,
      "state": "TrialState.PRUNED",
      "value": 0.8415,
      "hyperparameters": {
        "learning_rate": 3.007865147526458e-05,
        "batch_size": 32,
        "num_epochs": 4,
        "max_length": 64,
        "warmup_ratio": 0.1493783426530973,
        "weight_decay": 0.010248990260475094,
        "llrd_decay_factor": 0.8780102031766717,
        "grad_accum": 4,
        "label_smoothing": 0.12751328233611145,
        "contrastive_weight": 0.19092484123462838,
        "contrastive_temperature": 0.13948273504276487,
        "n_topic_clusters": 8
      },
      "validation_metrics": {}
    },
    {
      "number": 3,
      "state": "TrialState.PRUNED",
      "value": 0.8769,
      "hyperparameters": {
        "learning_rate": 1.3708380237042898e-05,
        "batch_size": 32,
        "num_epochs": 4,
        "max_length": 64,
        "warmup_ratio": 0.09214017645310713,
        "weight_decay": 0.017444803725696106,
        "llrd_decay_factor": 0.8211386337462144,
        "grad_accum": 4,
        "label_smoothing": 0.12722447692966574,
        "contrastive_weight": 0.07980735223012586,
        "contrastive_temperature": 0.05055221171236024,
        "n_topic_clusters": 6
      },
      "validation_metrics": {}
    },
    {
      "number": 4,
      "state": "TrialState.PRUNED",
      "value": 0.9094,
      "hyperparameters": {
        "learning_rate": 3.4601492939961225e-05,
        "batch_size": 16,
        "num_epochs": 3,
        "max_length": 64,
        "warmup_ratio": 0.05953375254290355,
        "weight_decay": 0.010231806681740804,
        "llrd_decay_factor": 0.8487774983040121,
        "grad_accum": 4,
        "label_smoothing": 0.09722149251619493,
        "contrastive_weight": 0.06793913689074527,
        "contrastive_temperature": 0.1213244787222995,
        "n_topic_clusters": 10
      },
      "validation_metrics": {}
    },
    {
      "number": 5,
      "state": "TrialState.COMPLETE",
      "value": 0.9228,
      "hyperparameters": {
        "learning_rate": 2.2138506032035858e-05,
        "batch_size": 8,
        "num_epochs": 5,
        "max_length": 64,
        "warmup_ratio": 0.09715339716144901,
        "weight_decay": 0.0161265213358956,
        "llrd_decay_factor": 0.936134971088914,
        "grad_accum": 4,
        "label_smoothing": 0.07287981654916224,
        "contrastive_weight": 0.06154698647431896,
        "contrastive_temperature": 0.07897514529137681,
        "n_topic_clusters": 8
      },
      "validation_metrics": {
        "eval_loss": 0.3276273310184479,
        "eval_accuracy": 0.9274,
        "eval_precision": 0.9329,
        "eval_recall": 0.9129,
        "eval_f1": 0.9228,
        "eval_runtime": 0.6778,
        "eval_samples_per_second": 4206.373,
        "eval_steps_per_second": 66.393,
        "epoch": 5.0
      }
    },
    {
      "number": 6,
      "state": "TrialState.PRUNED",
      "value": 0.8972,
      "hyperparameters": {
        "learning_rate": 2.771597918071771e-05,
        "batch_size": 8,
        "num_epochs": 3,
        "max_length": 64,
        "warmup_ratio": 0.184413694988524,
        "weight_decay": 0.010398566638468174,
        "llrd_decay_factor": 0.8165077886791515,
        "grad_accum": 4,
        "label_smoothing": 0.13607305832563432,
        "contrastive_weight": 0.05104281957967861,
        "contrastive_temperature": 0.10107473025775657,
        "n_topic_clusters": 6
      },
      "validation_metrics": {}
    },
    {
      "number": 7,
      "state": "TrialState.PRUNED",
      "value": 0.8888,
      "hyperparameters": {
        "learning_rate": 1.7218006911792448e-05,
        "batch_size": 8,
        "num_epochs": 5,
        "max_length": 64,
        "warmup_ratio": 0.1943670942413167,
        "weight_decay": 0.008927961322581139,
        "llrd_decay_factor": 0.8745872758838578,
        "grad_accum": 1,
        "label_smoothing": 0.11095643339798969,
        "contrastive_weight": 0.12540185348432925,
        "contrastive_temperature": 0.05514787512499894,
        "n_topic_clusters": 8
      },
      "validation_metrics": {}
    },
    {
      "number": 8,
      "state": "TrialState.PRUNED",
      "value": 0.8968,
      "hyperparameters": {
        "learning_rate": 1.262633097610916e-05,
        "batch_size": 16,
        "num_epochs": 4,
        "max_length": 64,
        "warmup_ratio": 0.15923245229177896,
        "weight_decay": 0.011661465641771332,
        "llrd_decay_factor": 0.8948458745890369,
        "grad_accum": 1,
        "label_smoothing": 0.13353024955892379,
        "contrastive_weight": 0.09811700974576038,
        "contrastive_temperature": 0.06865185103998542,
        "n_topic_clusters": 10
      },
      "validation_metrics": {}
    },
    {
      "number": 9,
      "state": "TrialState.PRUNED",
      "value": 0.8681,
      "hyperparameters": {
        "learning_rate": 1.0270566404218867e-05,
        "batch_size": 32,
        "num_epochs": 4,
        "max_length": 64,
        "warmup_ratio": 0.19050949831051023,
        "weight_decay": 0.006862635752322093,
        "llrd_decay_factor": 0.8511599526575387,